,name,city,province
0,1785 Inn,North Conway,N Conway
1,1900 House,Narragansett,Galilee
2,40 Berkeley Hostel,Boston,MA
3,A Bed & Breakfast In Cambridge,Cambridge,MA
4,A Swallow's Nest Motel,Vashon,Vashon Island
5,Abbeville Inn,Abbeville,AL
6,Acorn Motor Inn,Oak Harbor,WA
7,Adobe Nido Bed & Breakfast,Albuquerque,NM
8,Adria Motor Inn,Bayside,NY
9,Advance Motel,Ironwood,MI
10,Agate Beach Motel,Newport,OR
11,Albert's Motel,Burnsville,NC
12,Alpine Motel,Providence,RI
13,Alyssa's Motel,Casco,ME
14,Ambassador Inn Albuquerque,Albuquerque,Los Ranchos De Albuquerque
15,Ambassadors Inn and Suites,Virginia Beach,VA
16,Ambiance,Franklin Park,IL
17,America's Best Value Inn,New Stanton,PA
18,American Star Inn and Suites Atlantic City,Absecon,Galloway Township
19,Americana Resort Properties,Dillon,CO
20,Americas Best Value Inn,Percival,IA
21,Americas Best Value Inn - Medical Center/airport,El Paso,TX
22,Americas Best Value Inn and Suites,Lees Summit,Lk Lotawana
23,Americinn Coralville,Coralville,IA
24,Americinn Lodge & Suites Appleton,Appleton,WI
25,Americinn Lodge Suites Austin,Austin,Andyville
26,Americinn Lodge Suites Oscoda - Ausable River,Oscoda,MI
27,Americinn Lodge Suites Princeton,Princeton,IL
28,Americinn Lodge and Suites,Cody,WY
29,Amerihost Inn,Jeffersonville,OH
30,Amisos Hotel,Naples,FL
31,Anaheim Marriott Suites,Garden Grove,CA
32,Anglers Inn,Jackson,Jackson Hole
33,Antlers Inn,Walden,CO
34,Arcola Inn,Arcola,IL
35,Arion,Ramey,PA
36,Arizona Inn of Prescott Valley,Prescott Valley,AZ
37,Arrowhead Motel and Rv Park,Ruidoso,Hollywood
38,Aspen Alps,Aspen,CO
39,Aspen Haus Bed and Breakfast,Healy,AK
40,Astro Motel,Waco,TX
41,Atlanta Marriott Northwest At Galleria,Atlanta,Cumberland
42,Atlantic House,Narragansett,Galilee
43,Avalon Hotel Group,Gonzales,LA
44,Azul Beach Hotel By Karisma Gourmet Inclusive,Mont Belvieu,TX
45,Bailey Hotel,Bunkie,Whiteville
46,Bailey House Bed & Breakfast,Williams Bay,WI
47,Barber Joyce,Hobart,NY
48,Bay Haven Inn Bed Breakfast,Port Clinton,Middle Bass
49,Bay Shores Yachttennisclub 514 2 Br Condo By Redawning,Indian Rocks Beach,Indian Rk Bch
50,Baymont Inn & Suites Griffin,Griffin,GA
51,Baymont Inn and Suites Boone,Boone,IA
52,Baymont Inn and Suites Enid,Enid,OK
53,Bayside Resort Hotel,West Yarmouth,Yarmouth
54,Beach Cove 411 Tower A Sierra's 1 Bedroom Condo By Prista Management,North Myrtle Beach,Cherry Grove
55,Beach Haven Vacation Rental House,Beach Haven,Long Beach
56,Beacon Motel,Kiowa,OK
57,Bear Cove Inn,Saint Ignace,MI
58,Bellaire Motel Lodge,Port Sanilac,MI
59,Bent Elbow,Silverton,CO
60,Berkshire By The Sea A Vri Resort,Delray Beach,FL
61,Berney Fly Bed and Breakfast,Mobile,AL
62,Best Western,Brookfield,MO
63,Best Western Burlington Inn,Burlington,NC
64,Best Western Eufaula Inn,Eufaula,Lake Eufaula
65,Best Western Hartford Hotel & Suites,Hartford,Htfd
66,Best Western Holiday Hills,Coalville,Pine Cliff
67,Best Western Hospitality Hotel and Suites,Grand Rapids,MI
68,Best Western Hotel De Neuville,Irving,TX
69,Best Western Hotel Goldenmile Milan,Washington,DC
70,Best Western Knoxville Suites,Knoxville,TN
71,Best Western Luxury Inn,Tracy,CA
72,Best Western Owasso Inn & Suites,Owasso,OK
73,Best Western Plus,Corte Madera,CA
74,Best Western Plus Arlington North Hotel and Suites,Grand Prairie,TX
75,Best Western Plus Circle Inn,Enterprise,AL
76,Best Western Plus French Quarter Landmark Hotel,New Orleans,LA
77,Best Western Plus Humboldt House Inn,Garberville,CA
78,Best Western Plus Kelly Inn,Saint Cloud,MN
79,Best Western Plus San Marcos Inn,Morro Bay,CA
80,Best Western Plus Waterville Grand Hotel,Waterville,ME
81,Best Western Plus-seaport Inn,New York,Nyc
82,Best Western Rama Inn & Suites,Enterprise,OR
83,Best Western Saint-etienne Aeroport,Park City,KY
84,Best Western Silicon Valley Inn,Sunnyvale,CA
85,Best Western University Inn & Suites,Forest Grove,OR
86,Best Western of Long Beach,Long Beach,CA
87,Bethesda Gardens,Saint Louis,Glendale
88,Big Mountain Lodge,Whitefish,MT
89,Blue Boar Inn,Midway,UT
90,Blue Jay Motel,Hampton,NH
91,Blue Top Inn,Lamar,MO
92,Boardroom Motel,Oakland,Hutton
93,Body Tuneup,Key West,East Rockland Key
94,Boiling Springs Resort Canoe Rental,Licking,MO
95,Bosselmans Pump Pantry Motel,Burwell,NE
96,Brasstown Valley Golf Club,Young Harris,GA
97,Breakers Hotel,Rehoboth Beach,Rehoboth
98,Briarcliff,Great Barrington,N Egremont
99,Bridgetown Mill House Restaurant Inn,Langhorne,Upper Holland
100,Brightwood Inn Country Inn,Oglesby,Piety Hill
101,Brooks Donald L Jr,Strasburg,Hessdale
102,Brookside Motel,Hill City,Mystic
103,Budget Host,Interior,Potato Creek
104,Budget Host Inn,Detroit Lakes,MN
105,Budget Inn,Herkimer,NY
106,Budget Inn South,Fort Lauderdale,Port Everglades
107,Budget Inn-santa Maria,Santa Maria,Sisquoc
108,Busy B Ranch,Jefferson,Gray
109,Cadillac Motel,Brandywine,MD
110,Cal Neva Resort,Crystal Bay,NV
111,Calloway Inn,Baton Rouge,LA
112,Cambria Hotel & Suites,Roanoke,VA
113,Camelback Resort Aquatopia Indoor Waterpark,Tannersville,PA
114,Campanile Lyon Ecully,Cozad,NE
115,Campus Inn & Suites Eugene Downtown,Eugene,OR
116,Candlewood,Clare,MI
117,Candlewood Suites Eugene Springfield,Eugene,OR
118,Candlewood Suites Fort Smith,Fort Smith,AR
119,Candlewood Suites Huntersville,Huntersville,Hicks Crossroads
120,Candlewood Suites Indianapolis Northwest,Indianapolis,IN
121,Candlewood Suites Lexington,Lexington,KY
122,Candlewood Suites Oklahoma City-moore,Moore,OK
123,Candlewood Suites Olathe,Olathe,KS
124,Candlewood Suites West Springfield,West Springfield,MA
125,Canyon Gate Motel,Spearfish,SD
126,Carleton Hotel,Carleton,MI
127,Casa Del Mar Inn Bandb,Santa Barbara,CA
128,Cascabel,Norwood,CO
129,Casino Queen Rv Park,East Saint Louis,Sauget
130,Castle Kona Reef,Kailua Kona,HI
131,Cedar Crest Inn,Camden,ME
132,Centennial Bed and Breakfast,Holland,MI
133,Central House,Bar Harbor,ME
134,Chalet Leon At Hector Falls,Burdett,NY
135,Chalfant House,Bishop,Chalfant Vly
136,Chelsea Inn,San Francisco,CA
137,Cherokee Lodge Bed and Breakfast,Coronado,CA
138,Cherry Orchard Inn,Sunnyvale,CA
139,Chippewa Hotel,Gaylord,Treetops
140,Citrus Hills Lodge Hernando,Hernando,FL
141,City Express Irapuato,Mobile,AL
142,Clarion,Cleveland,TN
143,Clarion Inn,Elk City,OK
144,Clarion Inn Strasburg - Lancaster,Strasburg,Hessdale
145,Clarion Suites Philadelphia,Philadelphia,Wm Penn Anx W
146,Clatskanie River Inn,Clatskanie,Mist
147,Cliff's Motor Inn,Saint Leonard,MD
148,Cliffrose Lodge Gardens,Springdale,UT
149,Cliffs 7305 By Redawning,Princeville,HI
150,Close For You,Carnegie,Collier Twp
151,"Club Quarters, Rockefeller Center",New York,Nyc
152,Clubhouse At River Country Est,Piney Creek,NC
153,Colonial Inns of Ontario,Ontario,Claude
154,Colonial Motel,Manistique,MI
155,Columbia Gorge Riverside Lodge,Stevenson,WA
156,Comfort Hotel Bernau,East Hickory,PA
157,Comfort Hotel Nation Pere Lachaise Paris 11,Carrollton,TX
158,Comfort Inn,Fort Myers,FL
159,Comfort Inn & Suites,Joplin,MO
160,Comfort Inn - Springfield,Springfield,VA
161,Comfort Inn Birmingham - Irondale,Birmingham,Jefferson Park
162,Comfort Inn Deland - Near University,Deland,FL
163,Comfort Inn Humboldt Bay,Eureka,CA
164,Comfort Inn Huntingdon,Huntingdon,PA
165,Comfort Inn Livermore,Livermore,CA
166,Comfort Inn Montgomery,Montgomery,AL
167,Comfort Inn and Suites,Black River Falls,WI
168,Comfort Inn and Suites Bend,Bend,OR
169,Comfort Inn and Suites O'fallon,O Fallon,Dardenne Prairie
170,Comfort Suites,Houston,TX
171,Comfort Suites Fort Pierce,Fort Pierce,FL
172,Comfort Suites Mount Vernon,Mount Vernon,Camp Ground
173,Comfort Suites Shreveport,Shreveport,LA
174,Comfort Suites South,Byron Center,MI
175,Comfort Suites Southport,Southport,Blng Spg Lks
176,Concord Apartments By Boq Lodging,Arlington,VA
177,Corey Motel,Sioux City,IA
178,Cougar Crest Lodge,Coeur D Alene,ID
179,Country Inn & Suites By Carlson,Crystal Lake,Lakewood
180,"Country Inn & Suites By Carlson, Rocky Mount, Nc",Rocky Mount,NC
181,Country Inn Walker,Walker,Onigum
182,Country Inn and Suites By Carlson,Elkhart,IN
183,Country Inn and Suites By Carlson Charlotte University Place,Charlotte,NC
184,Country Inn and Suites By Carlson Corbin,Corbin,KY
185,Country Inn and Suites By Carlson Galena,Galena,IL
186,Country Inns Suites,Iron Mountain,East Kingsford
187,Country Lodge Motel,Harmony,MN
188,Courtyard Burlington Harbor,Burlington,Burl
189,Courtyard By Marriott,Fitchburg,MA
190,Courtyard By Marriott Downtown Boise,Boise,ID
191,Courtyard By Marriott Rockaway Mount Arlington,Mount Arlington,NJ
192,Courtyard Columbus Worthington,Columbus,OH
193,Courtyard Hattiesburg,Hattiesburg,Barrontown
194,Courtyard San Marcos,San Marcos,TX
195,Crestview Condominiums,Park City,Summit Park
196,Crossland Economy Studios - Lake Charles - Sulphur,Sulphur,LA
197,Crossroads Hotel,Chicago,IL
198,Cypress Suites,Cypress,CA
199,Dallas/fort Worth Marriott Solana,Roanoke,Trophy Club
200,Davison St Guest House,Mammoth Lakes,Lake Mary
201,Days Inn,Woodstock,IL
202,Days Inn & Suites Castle Rock,Castle Rock,CO
203,Days Inn & Suites Vicksburg,Vicksburg,Letourneau
204,Days Inn Bangor Airport,Bangor,Veazie
205,Days Inn Barstow,Barstow,CA
206,Days Inn Berea Ky,Berea,KY
207,Days Inn Bloomington,Bloomington,IN
208,Days Inn Bowling Green,Bowling Green,OH
209,Days Inn Branson / Near The Strip,Branson,Bull Creek Village
210,Days Inn Branson Mo,Branson,Bull Creek Village
211,Days Inn Brookings,Brookings,SD
212,Days Inn El Reno Ok,El Reno,OK
213,Days Inn Fort Wayne,Fort Wayne,IN
214,Days Inn Geneva,Geneva,NY
215,Days Inn Kuttawa,Kuttawa,KY
216,Days Inn Lanham Washington Dc,Lanham,Seabrook
217,Days Inn Lincolnton,Lincolnton,NC
218,Days Inn Marion,Marion,Stony Battery
219,Days Inn Newton,Newton,KS
220,Days Inn North Columbia Ft. Jackson,Blythewood,SC
221,Days Inn Ruther Glen Kings Dominion Area,Ruther Glen,VA
222,Days Inn Statesville,Statesville,Celeste Hinkle
223,Days Inn Suites,Grinnell,IA
224,Days Inn Tallulah,Tallulah,Englewood
225,Days Inn Warren,Warren,PA
226,Days Inn West Memphis,West Memphis,AR
227,Days Inn and Suites Albany,Albany,Colonie Center
228,Days Inn-amarillo-medical Ctr,Amarillo,TX
229,Dead Broke Inn,Young,AZ
230,Deluxe Inn Merrillville,Merrillville,IN
231,Desert Motel Restaurant,Wellton,AZ
232,Desert Sands Motel,Albuquerque,NM
233,Discovery Inn,Midvale,Cushing
234,Dockers Inn,Branson,Bull Creek Village
235,Dor-shada Resort By The Sea,Washington,DC
236,Double Eagle Hotel and Casino,Cripple Creek,CO
237,Doubletree By Hilton Hotel Bay City - Riverfront,Bay City,MI
238,Doubletree By Hilton West Palm Beach Airport,West Palm Beach,FL
239,Drury Inn & Suites San Antonio Northwest Medical Center,San Antonio,TX
240,Drury Inn & Suites Sikeston,Sikeston,MO
241,Drury Inn and Suites Columbus Convention Center,Columbus,OH
242,Durango Travelodge,Durango,Hermosa
243,Eaglecrest Ski Area,Juneau,AK
244,East Side Motel Cabins,Mobridge,Gopher
245,Econo Lodge,Bellingham,Fairhaven
246,Econo Lodge Bellmawr,Bellmawr,Gloucester City
247,Econo Lodge Big Spring,Big Spring,TX
248,Econo Lodge Inn & Suites,Bloomington,Bloomington Heights
249,Econo Lodge Miles City,Miles City,MT
250,Econo Lodge St Robert,St. Robert,MO
251,Economy Inn,Dillon,SC
252,Economy Motel,Fort Walton Beach,Okaloosa Island
253,Eden Park Guest House,Takoma Park,MD
254,Edgewater Inn & Cottages,Eagle River,Clearwater Lk
255,El Cortez,Pittsville,MD
256,El Dorado Seaside Suites By Karisma - All Inclusive,Beaumont,TX
257,Elba Sara Beach & Golf Resort,Anderson,AL
258,Eldorado Inn,Baker City,Baker
259,Eldorado Suites Hotel,Bisbee,Copper Queen
260,Elk Springs Resort,Gatlinburg,TN
261,Embassy Suites By Hilton Houston Downtown,Houston,TX
262,Enchanted Castle Hotel,Regent,ND
263,Equestrian Estates Horse Farm Bed and Breakfast,Lancaster,Manor Ridge
264,Excellence Riviera Cancun - Adults Only - All Inclusive,Mont Belvieu,TX
265,Extended Stay America,Chattanooga,TN
266,Extended Stay America - Bloomington - Normal,Bloomington,Bloomington Heights
267,Extended Stay America - Chicago - Westmont - Oak Brook,Westmont,IL
268,Extended Stay America - Columbia - Northwest Harbison,Irmo,SC
269,Extended Stay America - Fort Lauderdale - Davie,Fort Lauderdale,Plantation
270,Extended Stay America - Los Angeles - Ontario Airport,Ontario,CA
271,Extended Stay America - Orlando Theme Parks - Vineland Rd.,Orlando,FL
272,Extended Stay America - Raleigh - Cary - Regency Parkway S,Cary,NC
273,Extended Stay America - Rockford - I-90,Rockford,IL
274,Extended Stay America Grand Rapids - Kentwood,Grand Rapids,MI
275,Extended Stay America Philadelphia - Exton,Exton,PA
276,Extended Stay America Princeton - West Windsor,Princeton,Princeton Twp
277,Extended Stay America San Diego - Carlsbad Village By The Sea,Carlsbad,CA
278,Fairbridge Inn,Kalispell,MT
279,Fairfield Inn & Suites Atlanta Perimeter Center,Atlanta,Atl
280,Fairfield Inn & Suites Des Moines Airport,Des Moines,IA
281,Fairfield Inn & Suites Peoria East,East Peoria,Peoria
282,Fairfield Inn By Marriott Binghamton,Binghamton,Choconut Center
283,Fairfield Inn Saginaw,Saginaw,MI
284,Fairfield Inn Suites Chattanooga South/east Ridge,Chattanooga,TN
285,Fairfield Inn Suites Spearfish,Spearfish,SD
286,Fairfield Inn and Suites By Marriott Idaho Falls,Idaho Falls,ID
287,Fairfield Inn and Suites By Marriott Plainville,Plainville,CT
288,Fairfield Inn/suites-marriott,Titusville,FL
289,Falls Motel,American Falls,Heglar
290,Fh Hotel Villa Fiesole,Ames,IA
291,Fiesta Inn Centro Historico,Bristol,CT
292,Fiesta Inn and Suites,San Antonio,TX
293,Fireline Hotel,Palmerton,PA
294,Fireside Inn Santa Cruz,Santa Cruz,Paradise Park
295,Fitzgerald's Restaurant,Mohawk,MI
296,Five Seasuns Bed & Breakfast Inn,Port Angeles,Fairholm
297,Forest Hill Inn,Stevens,Schoeneck
298,Fort Conde Inn,Mobile,AL
299,Fort's Cedar View,Ulysses,KS
300,Four Points By Sheraton Memphis Southwind,Memphis,Mphs
301,Four Points-kansas,Kansas City,MO
302,Four Seasons Country Inn,Glasgow,Haywood
303,Four Seasons Hotel St. Louis,Saint Louis,MO
304,Foxburg Inn,Emlenton,PA
305,Frontier Cabins Motel,Wall,SD
306,Garden Bed and Breakfast,Deansboro,NY
307,Garden of The Gods Club & Resort,Colorado Springs,CO
308,Gardena Terrace Inn,Gardena,CA
309,Gateway Studios,Champaign,IL
310,Glendale Gaslight Inn,Glendale,AZ
311,Good Nite Inn Rohnert Park,Rohnert Park,CA
312,Gooding Hotel Bed Breakfast,Gooding,ID
313,Gran Melia Victoria,Clifton,NJ
314,Grand Hotel Cadenabbia,Griante,CO
315,Grandison Bed Breakfast,Oklahoma City,OK
316,Great American Inn Suites,Devils Lake,ND
317,Great Basin Inn,Ely,Currie
318,Greektown Casino,Detroit,MI
319,Greenstay Hotel and Suites,Springfield,MO
320,Gresham Area Hotels,Troutdale,OR
321,Haltom Inn,Haltom City,N Richland Hills
322,Hampton Inn,Memphis,Mphs
323,Hampton Inn & Suites Crescent City,Crescent City,CA
324,Hampton Inn & Suites Douglas,Douglas,WY
325,Hampton Inn & Suites Fort Worth-west-i-30,Fort Worth,TX
326,Hampton Inn & Suites Millington,Millington,Cloverdale
327,Hampton Inn & Suites Syracuse/carrier Circle,East Syracuse,NY
328,Hampton Inn & Suites-downtown-tutwiler,Birmingham,AL
329,Hampton Inn Abilene,Abilene,TX
330,Hampton Inn Bloomington West,Bloomington,Covell
331,Hampton Inn Dublin,Dublin,VA
332,Hampton Inn Fayetteville Fort Bragg,Fayetteville,Ponderosa
333,Hampton Inn Ft Chiswell,Max Meadows,VA
334,Hampton Inn Grand Junction Downtown/historic Main Street,Grand Junction,CO
335,Hampton Inn Jackson Hole,Jackson,Jackson Hole
336,Hampton Inn New Orleans - Downtown,New Orleans,LA
337,Hampton Inn Roanoke/salem,Salem,Fort Lewis
338,Hampton Inn Rockford,Rockford,IL
339,Hampton Inn Sarasota - I-75 Bee Ridge,Sarasota,FL
340,Hampton Inn Suites Columbus,Columbus,G T Airport
341,Hampton Inn Tucson-airport,Tucson,Tuscon
342,Hampton Inn Virginia Beach Oceanfront North,Virginia Beach,VA
343,Hampton Inn Waco,Waco,Gholson
344,Hampton Inn and Suites Annapolis,Annapolis,MD
345,Hampton Inn-st Robert,Saint Robert,St Robert
346,Hamton Inn New Orleans Westbank,Harvey,LA
347,Happy Tails Hotel & Playland,Saint Ann,Saint Anne
348,Harrah's Laughlin Hotel and Casino,Laughlin,NV
349,Hawthorn Suites By Wyndham Livermore Wine Country,Livermore,CA
350,Hawthorn Suites Dayton North,Dayton,OH
351,Helios Resort,Palm Springs,Palm Springs Municipal Airpo
352,Hi-way Inn of Kiowa,Kiowa,OK
353,High Desert Motel,Joshua Tree,CA
354,Hilton Americas-houston,Houston,TX
355,Hilton Garden Inn Austin Nw - Arboretum,Austin,TX
356,Hilton Garden Inn Burlington Downtown,Burlington,Burl
357,Hilton Garden Inn Kauai Wailua Bay,Kapaa,HI
358,Hilton Garden Inn Oconomowoc,Oconomowoc,WI
359,Hilton Princess San Pedro Sula,Annapolis,MD
360,Hilton San Diego Airport/harbor Island,San Diego,CA
361,Hilton Santo Domingo,New York,NY
362,Hitching Horse Inn,Pierre,Canning
363,Holiday Inn,Springfield,NJ
364,Holiday Inn & Suites Green Bay Stadium,Green Bay,WI
365,Holiday Inn Canyon De Chelly,Chinle,Cottonwood Station
366,Holiday Inn Express,Milford,OH
367,Holiday Inn Express & Suites Bay City,Bay City,MI
368,Holiday Inn Express & Suites Crossville,Crossville,TN
369,Holiday Inn Express & Suites Lawrence,Lawrence,KS
370,Holiday Inn Express & Suites Lenoir City (knoxville Area),Lenoir City,TN
371,Holiday Inn Express & Suites Phoenix Downtown - Ballpark,Phoenix,AZ
372,Holiday Inn Express & Suites Portland,Portland,Bellefountain
373,Holiday Inn Express & Suites South Portland,South Portland,So Portland
374,Holiday Inn Express & Suites Weslaco,Weslaco,Ramona
375,Holiday Inn Express & Suites West Monroe,West Monroe,Brownsville
376,Holiday Inn Express & Suites Willows,Willows,CA
377,Holiday Inn Express - Harrisburg East,Harrisburg,PA
378,Holiday Inn Express - Hillsboro,Hillsboro,Orenco
379,Holiday Inn Express Atlanta Ne - I-85 Clairmont,Atlanta,Briarcliff
380,Holiday Inn Express Colton-riverside North,Colton,CA
381,Holiday Inn Express Dahlonega,Dahlonega,GA
382,Holiday Inn Express Eagle,Eagle,CO
383,Holiday Inn Express Gatesville,Gatesville,South Mountain
384,Holiday Inn Express Grove City (outlet Center),Mercer,PA
385,Holiday Inn Express Henderson,Henderson,NC
386,Holiday Inn Express Hotel & Suites Bloomington-normal,Normal,IL
387,Holiday Inn Express Hotel & Suites Chicago-deerfield/lincolnshire,Deerfield,IL
388,Holiday Inn Express Hotel & Suites Emporia,Emporia,VA
389,Holiday Inn Express Hotel & Suites Hillview,Shepherdsville,Hebron Ests
390,Holiday Inn Express Hotel Suites Cookeville,Huntsville,AL
391,Holiday Inn Express Hotel Suites Sedalia,Sedalia,Georgetown
392,Holiday Inn Express Hotel and Stes Port Clinton-catawba Island,Port Clinton,Middle Bass
393,Holiday Inn Express Hotel and Suites Cambridge,Cambridge,MA
394,Holiday Inn Express Hotel and Suites Hesperia,Hesperia,CA
395,Holiday Inn Express Hotel and Suites Meadowlands Area,Carlstadt,NJ
396,Holiday Inn Express Hotel and Suites Memphis Southwind,Memphis,Mphs
397,Holiday Inn Express Hotel and Suites Raleigh-wakefield,Raleigh,NC
398,Holiday Inn Express Hotel and Suites Va Beach Oceanfront,Virginia Beach,VA
399,"Holiday Inn Express Howe (sturgis, Mi)",Howe,IN
400,Holiday Inn Express Lubbock South,Lubbock,TX
401,Holiday Inn Express Pinetop,Pinetop,AZ
402,Holiday Inn Express San Clemente,San Clemente,CA
403,Holiday Inn Express Suites Floresville,Floresville,TX
404,Holiday Inn Express Suites Woodland Hills,Woodland Hills,CA
405,Holiday Inn Express and Suites Canyonville,Canyonville,OR
406,Holiday Inn Express and Suites Gahanna/columbus Airport E,Columbus,OH
407,Holiday Inn Fond Du Lac,Fond Du Lac,WI
408,Holiday Inn Lumberton North - I-95,Lumberton,NC
409,Holiday Inn Manhattan 6th Ave - Chelsea,New York,G P O
410,Holiday Inn Rutland-killington Area,Rutland,VT
411,Holiday Inn Spearfish-convention Center,Spearfish,SD
412,Holiday Inn Victorville,Victorville,CA
413,Holiday Inn-bayside,San Diego,CA
414,Homeplace Inn and Suites,Jacksonville,Enterprise
415,Homestead Studio Suites,Duluth,GA
416,Hometown Inn,Soddy Daisy,TN
417,Homewood Suites,Columbus,OH
418,Homewood Suites - Mall of America,Minneapolis,MN
419,Homewood Suites By Hilton,Cedar Rapids,IA
420,Homewood Suites By Hilton Albuquerque - Journal Center,Albuquerque,NM
421,Homewood Suites By Hilton Indpls Airport / Plainfield In,Plainfield,IN
422,Homewood Suites Dallas-market Center,Dallas,TX
423,Hotel Adler Cavalieri,Humeston,IA
424,Hotel An Der Philharmonie,Raymond,IA
425,Hotel Aura Sfo,San Bruno,CA
426,Hotel Borgo Verde,San Jose,CA
427,Hotel Casena Dei Colli,Palermo,PA
428,Hotel Columbia,Telluride,Pandora
429,Hotel Corpus Christi,Corpus Christi,TX
430,Hotel De La Ville,Humeston,IA
431,Hotel Deca - A Noble House Hotel,Seattle,WA
432,Hotel Eug��ne En Ville,Celina,TX
433,Hotel Garibaldi,Silver Creek,GA
434,Hotel Guadalmedina,Ballentine,SC
435,Hotel Lavonia,Lavonia,GA
436,Hotel Mc Call,Mccall,Lardo
437,Hotel Metropole,Lithia Springs,GA
438,Hotel Millersburg,Millersburg,Bunker Hill
439,"Hotel Monaco Chicago, A Kimpton Hotel",Chicago,IL
440,Hotel Olcott,New York,Nyc
441,Hotel Portaventura,Stone Creek,OH
442,Hotel Relais De Margaux Golf and Spa,Lake Worth,FL
443,Hotel Roc Flamingo,Abbeville,SC
444,Hotel Roc Lago Rojo,Abbeville,SC
445,Hotel Russo Palace,Mableton,GA
446,Hotel Silken Siete Coronas,Norcross,GA
447,Hotel Valencia Santana Row,San Jose,CA
448,Hotel Vier Jahreszeiten KÜhlungsborn,Harleigh,PA
449,Hotel Vorbach,Ashburn,VA
450,Howard Johnson,Sandusky,Bloomingville
451,Howard Johnson Gallup,Gallup,Pinedale
452,Howard Johnson Inn - Newburgh,Newburgh,NY
453,Howard Johnson Inn Columbia,Columbia,Elkhurst
454,Hudson Hotel - Book Direct,New York,Nyc
455,Hunting Lodge,Finleyville,PA
456,Hyatt Centric Arlington,Arlington,VA
457,Hyatt Dulles,Herndon,VA
458,Hyatt House Colorado Springs,Colorado Springs,Co Spgs
459,Hyatt Place Atlanta/alpharetta/north Point Mall,Alpharetta,GA
460,Hyatt Place Pittsburgh Cranberry,Cranberry Twp,PA
461,Hyatt Place San Antonio Airport - Quarry Market,San Antonio,TX
462,Hyatt Place Utica,Utica,MI
463,Hyatt Regency Kathmandu,Alliance,OH
464,Hyatt Regency Reston,Reston,VA
465,H��tel Les Bruy��res,Lebanon,OK
466,H��tel Marinca and Spa,Manassas,VA
467,H��tel Sezz Paris,Irving,TX
468,Ibis Wuerzburg City,Gresham,OR
469,Ihg,Metropolis,Round Knob
470,Inn & Suites,Englewood,FL
471,Inn At Mendenhall,Mendenhall,PA
472,Inn At Queen Anne,Seattle,WA
473,Inn At The River,East Wenatchee,WA
474,Innisbrook,Palm Harbor,FL
475,Innpoints Worldwide,Albuquerque,NM
476,Inroads Ireland Tours,Madison,WI
477,Inter-hotel Orl��ans Nord,Portland,OH
478,Intercontinental Hotels Resorts,Lynnwood,WA
479,Intermezzo,Los Olivos,CA
480,Intown Suites El Paso,El Paso,TX
481,Intown Suites Nashville North,Hendersonville,TN
482,Inturotel Esmeralda Park,Ridgefield Park,NJ
483,Ip Casino Resort Spa,Biloxi,MS
484,Irish House Hotel,Mount Sterling,Hersman
485,Jacksonville Plaza Hotel and Suites,Jacksonville,FL
486,Janmere Motel,Hampton,NH
487,Jellico Days Inn North Tennessee,Jellico,TN
488,Juniper Lane Guest House,Friday Harbor,WA
489,Jvd Hotels,Batesville,MS
490,Kaier Mansion,Mahanoy City,Boston Run
491,Key West Inn - Clanton,Clanton,AL
492,Keyser Inn Inc,Keyser,Rocket Center
493,Kilauea Lodge Restaurant,Volcano,HI
494,Kit Carson Lodge Restaurant,Pioneer,CA
495,Knights Inn,Catonsville,MD
496,Knights Inn - Wilmington,Wilmington,Lorenzo
497,Knights Inn Aiken,Aiken,SC
498,Knights Inn Amarillo Airport,Amarillo,Timbercrk Cyn
499,Knights Inn Carmel Hill,Monterey,Presidio Of Monterey
500,Knights Inn Durango Co,Durango,Hermosa
501,Knights Inn Eau Claire,Eau Claire,WI
502,Knights Inn New Castle/wilmington,New Castle,DE
503,Koehne Dexter Terrie,Rapid City,Hisega
504,La Brea Hotel,Inglewood,CA
505,La Playa,Milwaukee,WI
506,"La Posada Lodge & Casitas, An Ascend Hotel Collection Member",Tucson,AZ
507,La Quinta,Beaumont,TX
508,La Quinta Inn,Houston,TX
509,La Quinta Inn & Suites Auburn,Auburn,WA
510,La Quinta Inn & Suites Bryant,Bryant,AR
511,La Quinta Inn & Suites Chicago Tinley Park,Tinley Park,IL
512,La Quinta Inn & Suites Dublin,Dublin,GA
513,La Quinta Inn Auburn Worcester,Auburn,MA
514,La Quinta Inn Calhoun,Calhoun,GA
515,La Quinta Inn and Suites Hopkinsville,Hopkinsville,KY
516,La Quinta Inn and Suites Meridian,Meridian,Meeham
517,La Quinta Inn and Suites Miami Cutler Bay,Miami,Cutler Ridge
518,La Quinta Inn and Suites Nashville Franklin,Franklin,Peytonsville
519,La Quinta Inn and Suites Sunrise,Fort Lauderdale,Plantation
520,La Quinta Inn and Suites Tucson - Reid Park,Tucson,AZ
521,La Quinta Inn-houston,Houston,Greens Bayou
522,Lake Hill Cabins,Athens,OH
523,Lake Motel,Wolfeboro,Tuftonboro
524,Lake Raystown Resort Lodge & Conference Center,Entriken,PA
525,Lakeview Lodge,Ferriday,Concordia Lake
526,Lakeway Resort & Spa,Austin,Lakeway
527,Lamothe House,New Orleans,LA
528,Landmark Inn Lakes-mountain Region,Laconia,Weirs Beach
529,Laurel Manor Motel,Jennerstown,PA
530,Lazy T Motel,Junction,TX
531,Leakey Springs Cabins,Concan,TX
532,Lewis River Inn,Woodland,WA
533,Lexington Inn,Hammond,LA
534,Liberty Lodge,Hayward,Lco Commercial Cent
535,Lighthouse Motel,Toledo,Sylvania Twp
536,Lindy Motel,Coudersport,Eulalia
537,Little Belt Inn Neihart,Neihart,MT
538,Little Paradise Hotel,Palm Springs,CA
539,Longville Inn,Longville,Brevik
540,Magnuson Hotel Summerton,Summerton,Goat Island Resort
541,Magton Inc,Ocean City,NJ
542,Main Street Bed & Breakfast,Cooperstown,NY
543,Mainsail Motel & Cottages,Hampton,NH
544,Mandarin Oriental Hotel Group,San Francisco,CA
545,Mandarin Oriental Jakarta,Staten Island,NY
546,Manor Vail Lodge,Vail,West Vail
547,Mansfield Plantation Inc,Georgetown,SC
548,Mar Mar Resort Tackle,Bull Shoals,AR
549,Marquesa Hotel & Cafe Marquesa,Key West,East Rockland Key
550,Marriott Hotels Resorts Suites,Oak Brook,IL
551,Marriott Springhill Marina,Marina,CA
552,Marriott's Mountainside At Park City,Park City,UT
553,Martin Mason Hotel,Deadwood,Roubaix
554,Marylander Hotel Condo,Ocean City,West Ocean City
555,Masters Inn,Savannah,GA
556,Mccamly Plaza Hotel,Battle Creek,MI
557,Meadow Farm Bed and Breakfast,Northwood,NH
558,Melia Paris Champs-elys��es,Irving,TX
559,Melody Lodge Cabins,Silverthorne,CO
560,Menehune Reservations,Kihei,HI
561,Mercure Curitiba Golden Hotel,Curitiba,PR
562,Mericana Motel,Fort Madison,IA
563,Merritt House Inn,Monterey,Presidio Of Monterey
564,Miami Executive Hotel,Miami,FL
565,Microtel Inn,Mount Airy,Round Peak
566,Microtel Inn By Wyndham Knoxville,Knoxville,Concord Farragut
567,Microtel Inn By Wyndham Southern Pines,Southern Pines,NC
568,Microtel Inn Suites By Wyndham San Antonio By Seaworld,San Antonio,TX
569,Microtel Inn and Suites By Wyndham Burlington,Burlington,NC
570,Microtel of Ste Genevieve,Sainte Genevieve,Clearwater
571,Midvalley Motel,Archbald,PA
572,Milliken Creek Inn,Napa,CA
573,Mineola Motel,Little River,SC
574,Miramar Boutique Hotel,Manassas,VA
575,Miss Kitty's Boarding House,Statesville,NC
576,Mission Sands Vacation Rentals,San Diego,CA
577,Monarch Inn,Mariposa,CA
578,Monarch of Rancho Mirag,Rancho Mirage,CA
579,Monterey Beach Dunes Inn,Marina,CA
580,Motel 6,Stockton,CA
581,Motel 6 Fort Bragg,Fort Bragg,Inglenook
582,Motor Inns of America,Madisonville,TN
583,Mountain Lodge At Telluride - A Noble House Resort,Telluride,Pandora
584,Mountaintop Lodge Bed Breakfast,Pocono Pines,PA
585,Mt Gardner Inn,Winthrop,WA
586,Mt. Washington Bed and Breakfast,Gorham,NH
587,Nantahala Cabins Inc,Bryson City,Ela
588,Narcis,Guernsey,IA
589,Nesco Manor Hotel,Drums,PA
590,New York Marriott Marquis,New York,Nyc
591,Newark Budget Inn,Newark,OH
592,"Nippersink Country Club, Inc.",Genoa City,WI
593,North Country Inn B & B,Rangeley,Lang Twp
594,Norwood Inn and Suites,Burnsville,MN
595,Noyo Harbor Inn,Fort Bragg,Inglenook
596,Ocean Breeze Motel Apts,Fort Lauderdale,Lauderdale By The Sea
597,Octagon Inn,Navajo Dam,NM
598,Old Saco Inn Bed & Breakfast,Fryeburg,Stow
599,Old Wheeler Hotel,Wheeler,OR
600,Olde Bridge Inn,Caseyville,Hollywood Heights
601,Osage Village Inn,Osage Beach,MO
602,Outside Inn,Las Vegas,NV
603,P K Motel,Effingham,So Effingham
604,Palm Suites,Atlantic Beach,Pine Knoll Shores
605,"Palomar Washington Dc, A Kimpton Hotel",Washington,DC
606,Park Terrace Suites,Phoenix,AZ
607,Parkside Inn At Incline,Incline Village,NV
608,Parkway Inn Jellico,Jellico,TN
609,Patalya Thermal Resort,Southport,CT
610,Patriots Inn,Williamsburg,Wmsbg
611,Pavilion Lodge,Avalon,Santa Catalina
612,Pelican Shores Inn,Lincoln City,OR
613,Penzion Accom,Pasadena,CA
614,Petretti Apartments,Kenosha,WI
615,Pheasant Manor,Mott,ND
616,Pillar Hotels Resorts,Pleasanton,TX
617,Pine Motel,Bordentown,NJ
618,Pine Needles Golf Course,Southern Pines,NC
619,Pine Shadows Motel,West Yellowstone,MT
620,Pizza Hut,Redding,CA
621,Plantation Inn,Shreveport,Flournoy
622,Plaza Hotel and Casino - Las Vegas,Las Vegas,NV
623,Point Randall Resort,Lake Ozark,Vlg Of 4 Ssns
624,Polynesian Plaza,Honolulu,Hono
625,Port-o-call Motel,Rockaway Beach,Rockaway Bch
626,Porto Vista Hotel,San Diego,CA
627,Profile Deluxe Motel,Twin Mountain,NH
628,Progress Management Co,Albert Lea,MN
629,Protection Motel,Protection,KS
630,Pueblo Bonito Sunset Beach Resort & Spa - All Inclusive,Virginia Beach,VA
631,Pullman Rail Journeys,Chicago,IL
632,Quality Inn,Houston,TX
633,Quality Inn & Suites,Denver,Westminster
634,Quality Inn & Suites - Riverfront,Oswego,Demster
635,Quality Inn & Suites Hanes Mall,Winston Salem,Hanes
636,Quality Inn & Suites Historic St. Charles,Saint Charles,Kampville
637,Quality Inn Gulfport,Gulfport,Orange Grove
638,Quality Inn Johnson City,Johnson City,TN
639,Quality Inn Long Beach Airport,Signal Hill,CA
640,Quality Inn Near Six Flags,Douglasville,GA
641,Quality Inn Spearfish,Spearfish,SD
642,Quality Inn and Suites,Bossier City,LA
643,Quality Inn and Suites Big Rapids,Big Rapids,MI
644,Quality Inn and Suites Eugene-springfield,Springfield,Spfld
645,Quality Inn and Suites Irvine Spectrum,Lake Forest,CA
646,Quality Suites Intercontinental Airport West,Houston,TX
647,Quinta Real Acapulco,Whigham,GA
648,Radisson Blu Conference and Airport Hotel,Englewood,FL
649,Radisson Hotel Hauppauge-long Island,Hauppauge,NY
650,Rainbow Motel,South Deerfield,Whately
651,Raintree Inn,Ada,Pontotoc
652,Ramada,Laurel,Calhoun
653,Ramada Inn,Forest City,NC
654,Ramada Vandalia,Vandalia,Pittsburg
655,Rangeland Court Motel & Rv,Moorcroft,Pine Haven
656,Rapid City Days Inn,Rapid City,Hisega
657,Raton Pass Inn,Raton,NM
658,Red Banks Motel,Fremont,WI
659,Red Carpet Inn,Windom,MN
660,Red Fox Motel,Lebanon,MO
661,Red Lion Anaheim Maingate Hotel,Anaheim,CA
662,Red Rest Inn,Macon,GA
663,Red Roof Inn,Oklahoma City,OK
664,Red Roof Inn Cedar Rapids,Cedar Rapids,IA
665,Red Roof Inn Erie,Erie,PA
666,Red Roof Inn Somerset,Somerset,KY
667,Red Roof Inn St Louis - Troy,Troy,IL
668,Regency Inn Motel,Perry,OK
669,Relax Inn,Colorado City,Cuthbert
670,Residence Inn Billings,Billings,MT
671,Residence Inn Burlington Colchester,Colchester,Smc
672,Residence Inn By Marriott Deptford,West Deptford,Woodbury
673,Residence Inn By Marriott Fort Lauderdale Weston,Fort Lauderdale,Southwest Ranches
674,Residence Inn By Marriott Hartford Downtown,Hartford,CT
675,Residence Inn By Marriott Irvine John Wayne Airport,Irvine,CA
676,Residence Inn By Marriott Springdale,Springdale,AR
677,Residence Inn By Marriott Tucson Williams Centre,Tucson,AZ
678,Rideout's Lakeside Lodge Cottages,Danforth,ME
679,Rips Country Inn,Bowie,South Bowie
680,Ritz Hotel,San Francisco,CA
681,River Oaks Golf Villas,Myrtle Beach,SC
682,Riverside Lodge,Canyonville,OR
683,Riverside Motel and Cabins,Ennis,MT
684,Robins Roost Cabins,Hill City,Mystic
685,Rock A Bye Inn,Tigerton,Morris
686,Rodeway Inn,Newport,OR
687,Rodeway Inn Airport,Boise,ID
688,Rodeway Inn Bushnell,Bushnell,FL
689,Rodeway Inn Near Venice Beach,Los Angeles,Mar Vista
690,Rodeway Inn-tacoma,Tacoma,WA
691,Roy-el Motel,Wapello,Toolesboro
692,Royal Dutch Inn,Dutch Harbor,AK
693,Royal Inn,Lovelock,Oreana
694,Royal Inn Motel,Petersburg,Matoaca
695,Rustic Inn,Ely,Currie
696,Saco River Recreational Council,Fryeburg,Stow
697,Saddleback Motor Inn,Rangeley,Lang Twp
698,Sam's Town Hotel & Gmblng Hall,Robinsonville,Banks
699,Samui Cliff View Resort & Spa,Eden,UT
700,Sand Dunes Motel,Mosca,CO
701,Sand's Motel,Portales,NM
702,Sands Central Inn Hot Springs,Hot Springs National Park,Blue Springs
703,Savaii Roberts Motels,Guymon,OK
704,Scenic View Motel,Bryson City,Ela
705,School House Motel,North Conway,N Conway
706,Sci�� On Martin,Washington,DC
707,Sea View Motel,Ogunquit,ME
708,Seaside Oceanfront Inn & Restaurant,Seaside,Jewell
709,Seiling Motel,Seiling,OK
710,Shamrock Hill Inn,Long Eddy,NY
711,Sheraton Baltimore North Hotels,Towson,Loch Raven
712,Sheraton Mission Valley San Diego Hotel,San Diego,CA
713,Sheraton Offenbach Hotel,Northbrook,IL
714,Sherwood Hills Resort,Wellsville,Young Ward
715,Shoshone Lodge,Cody,WY
716,Sids Resort,Greenbush,MI
717,Silver Run Cabins,Yellville,AR
718,Simoni's Fremont Inn,Stockton,CA
719,Simpson House Inn,Santa Barbara,CA
720,Sir Walter Raleigh Inns of Greenbelt,College Park,Berwyn
721,Skidway Lake Motel,Prescott,MI
722,Sky Vue Motel,Alamosa,Carmel
723,Sky-lit Motel,Green Bay,WI
724,Sleep Inn,Millbrook,AL
725,Sleep Inn At Harbour View,Little River,SC
726,Sleep Inn Slidell,Slidell,LA
727,Solstice,Erie,PA
728,Sombrero Resort and Marina,Marathon,Grassy Key
729,Sonoma Coast Villa Spa,Bodega Bay,CA
730,Southside Motel,Tappahannock,VA
731,Spinners Tailspin Inn,Kankakee,IL
732,Spirit Tree Inn B & B,Patagonia,Lochiel
733,Sportsmen Motel,Port Angeles,Fairholm
734,Sportsmen's Lodge,Studio City,CA
735,Spring Bay Inn,Olga,WA
736,Spring Fountain Motel,Bucksport,ME
737,Springhill Suites,Sevierville,TN
738,Springhill Suites By Marriott Sarasota Bradenton,Sarasota,FL
739,Springhill Suites By Marriott South Bend/mishawaka,Mishawaka,IN
740,Springhill Suites Columbia,Columbia,MD
741,Springhill Suites Marriott Colorado Springs South,Colorado Springs,Co Spgs
742,Spruce Meadow Cabins,Jackman,Johnson Mountain Twp
743,Starwood Resorts Hotel,Fall River,MA
744,Stay Inn,West Palm Beach,Lake Clarke
745,Staybridge Suites Chicago - Glenview,Glenview,IL
746,Staybridge Suites Tyler University Area,Tyler,TX
747,Sterling Motel,Austin,Andyville
748,Stirling City Hotel,Stirling City,CA
749,Stratford Inn,Aberdeen,Ordway
750,Studio 6,Kenedy,TX
751,Suburban Extended Stay Warner Robins,Warner Robins,GA
752,Suburban Extended Stay of Memphis Bartlett,Memphis,Mphs
753,Summit At Big Sky,Big Sky,MT
754,Sumner Motor Inn,Sumner,Dieringer
755,Sunset Inn,Worthington,MN
756,Sunset Inn-yosemite Cabins,Groveland,CA
757,Super 8,Hope,AR
758,Super 8 - Effingham,Effingham,Boggsville
759,Super 8 - Upland,Upland,CA
760,Super 8 Alamosa,Alamosa,Carmel
761,Super 8 Batesville Ar,Batesville,AR
762,Super 8 Belle Fourche,Belle Fourche,Willet
763,Super 8 Big Cabin Vinita Ok,Vinita,White Oak
764,Super 8 Blackwell Ok,Blackwell,OK
765,Super 8 Bradenton Sarasota Area,Bradenton,FL
766,Super 8 Carlisle-south,Carlisle,PA
767,Super 8 Chicago O'hare Airport,Elk Grove Village,IL
768,Super 8 Cloquet,Cloquet,Scanlon
769,Super 8 Columbia Dwntwn Sc,Columbia,SC
770,Super 8 Columbia East,Columbia,Lindbergh
771,Super 8 Crete Ne,Crete,Kramer
772,Super 8 Dallas South,Dallas,TX
773,Super 8 Elko Nv,Elko,North Fork
774,Super 8 Fort Collins,Fort Collins,CO
775,Super 8 Gretna,Gretna,NE
776,Super 8 Indianapolis,Indianapolis,IN
777,Super 8 Ithaca,Ithaca,NY
778,Super 8 Kansas City Airport,Kansas City,MO
779,Super 8 Kingston,Kingston,TN
780,Super 8 Longmont / Del Camino,Longmont,Niwot
781,Super 8 Madison,Madison,GA
782,Super 8 Manhattan Ks,Manhattan,KS
783,Super 8 Metropolis,Metropolis,Round Knob
784,Super 8 Motel Fairmont,Fairmont,MN
785,Super 8 Opelousas,Opelousas,LA
786,Super 8 Pittsburgh/monroeville,Pittsburgh,Pitt
787,Super 8 Sallisaw,Sallisaw,OK
788,Super 8 Schenect/albany Area,Schenectady,NY
789,Super 8 Van Horn,Van Horn,TX
790,Super 8 Worthington Minnesota,Worthington,MN
791,Sutton Bay Resort,Newman Lake,WA
792,Sybaris Pool Suites,Indianapolis,IN
793,Terrace Inns Suites,El Cerrito,CA
794,Terry Peak Ski Area,Lead,SD
795,Texan Inn,Monahans,TX
796,The Abbey Resort,Fontana,WI
797,"The Alexandrian, Autograph Collection",Alexandria,VA
798,The Amble Inn,Fennville,MI
799,The Bluffs Inn Suites,Decorah,Burr Oak
800,The Booker-lewis,Leesville,Hawthorne
801,The Chestnut Boutique Hotel,Morgantown,Star City
802,"The Citizen Hotel, Autograph Collection",Sacramento,CA
803,The Concorde Inn,Clinton Township,MI
804,The Dec,Aberdeen,Ordway
805,The Desmond House Bed & Breakfast,Redding,CA
806,"The Golden Hotel, An Ascend Hotel Collection Member",Golden,CO
807,The Governor Hotel,Portland,OR
808,The Grove Seaside Hotel,Glen Burnie,MD
809,The Houstonian Hotel,Houston,Bunker Hill Village
810,The Inn @ St. Botolph,Boston,MA
811,The Inn At Bella Vista,Bella Vista,AR
812,The Inn On Negley,Pittsburgh,Pitt
813,The Jayakarta Bali,Arvada,CO
814,The Kingsport Inn,Kennebunkport,ME
815,The Kinney - Venice Beach,Marina Del Rey,CA
816,The Lake Point Conference Center,Russellville,AR
817,The Litchfield Inn,Pawleys Island,Pawleys Isl
818,The Merritt Center and Lodge,Payson,AZ
819,The Miner's Inn Motel Restaurant,Viburnum,MO
820,The National Conference Center,Leesburg,VA
821,The Parkview Memphis,Memphis,Mphs
822,The Point,Saranac Lake,Lake Colby
823,"The Ritz-carlton Orlando, Grande Lakes",Orlando,FL
824,The Savoy Hotel,Miami Beach,Venetian Islands
825,The Westin Buckhead,Atlanta,GA
826,The Westin Europa and Regina,Cave Spring,GA
827,The White House Inn,Pierce,NE
828,Thunderbird Executive Inn and Conference Center,Glendale,AZ
829,Tidewater Inn,West Yarmouth,Yarmouth
830,Tiffany House Bed & Breakfast,Redding,CA
831,Tmc Resort Rentals,Montgomery,TX
832,Torian Plum By Wyndham Vacation Rentals,Steamboat Springs,CO
833,Town Country Motel,Osage Beach,MO
834,Towneplace Suites,Bowie,South Bowie
835,Towneplace Suites Albany University Area,Albany,NY
836,Townplace Suites By Marriott,Elko,North Fork
837,Travelodge,Oswego,Demster
838,Travelodge Anaheim Convention Center,Anaheim,CA
839,Travelodge Ruther Glen,Ruther Glen,VA
840,Travelodge Shakopee,Shakopee,MN
841,Triangle Motel,Alma,MI
842,Truckee Tahoe Htl Larkspur,Larkspur,CA
843,Tryp Dusseldorf Krefeld Hotel,Terre Haute,IN
844,Tulip Inn Turin West,New York,NY
845,Turf Motel,Charles Town,WV
846,Twelve Hotels & Residences,Atlanta,GA
847,Twin Gables of Woodstock,Woodstock,NY
848,Twin Pines Motel,Indiana,PA
849,Ubaa Old Crawford Inn,Des Plaines,IL
850,Una Hotel Forte Dei Marmi,Lake Elmo,MN
851,Unionport Lodge No 333 F A M,Bloomingdale,OH
852,Uptown Motel,Cody,WY
853,Vacation Side Travel,Goodlettsville,TN
854,Villa Carlotta,Medina,WA
855,Village Lodge,Ruidoso,Hollywood
856,Villager Inn Motel,Selma,CA
857,Vista Hotel On Lake Tarpon,Palm Harbor,FL
858,Wakonda Hotel & Bar,Wakonda,SD
859,Wallowa Lake Vacation Rentals,Enterprise,OR
860,Warwick Denver,Denver,CO
861,Watermark Bed Breakfast,Wittman,MD
862,Websters Manor,Mullins,SC
863,Welcome Inn Apartments,Parkville,MD
864,West Side Motel,Casper,WY
865,Western Inn-glacier Park,Columbia Falls,MT
866,Westernaire Motel,Mesa,AZ
867,White Cliff Manor Bed and Breakfast,Saint Mary,MO
868,Whiteface Chalet,Wilmington,NY
869,Wilshire Inn Motel,Cushing,Norfolk
870,Wine Valley Lodge,Napa,CA
871,Wingate By Wyndham Chantilly / Dulles Airport,Chantilly,VA
872,Wingate By Wyndham Lagrange,Lagrange,GA
873,Wingate By Wyndham Pueblo,Pueblo,CO
874,Wisconsin-aire Motel,Random Lake,WI
875,Worldwide Hospitality Supply Company,Pompano Beach,FL
876,Wyndham Resort At Fairfield Mountains,Lake Lure,NC
877,Wyndham Vacation Resorts Towers On The Grove,North Myrtle Beach,Cherry Grove
878,Yakima Inn,Yakima,Sumach
